KYTREASNOX,MCALDT,TMEWRETD
2000040,20000131,4.00E-03
2000040,20000229,4.78E-03
2000040,20000331,4.92E-03
2000040,20000428,4.38E-03
2000040,20000531,5.25E-03
2000040,20000630,6.20E-03
2000040,20000731,5.05E-03
2000040,20000831,5.70E-03
2000040,20000929,5.21E-03
2000040,20001031,5.17E-03
2000040,20001130,6.02E-03
2000040,20001229,6.88E-03
2000040,20010131,8.56E-03
2000040,20010228,4.23E-03
2000040,20010330,5.35E-03
2000040,20010430,4.63E-03
2000040,20010531,5.08E-03
2000040,20010629,2.54E-03
2000040,20010731,4.81E-03
2000040,20010831,3.48E-03
2000040,20010928,6.55E-03
2000040,20011031,5.02E-03
2000040,20011130,1.67E-03
2000040,20011231,2.14E-03
2000040,20020131,8.91E-04
2000040,20020228,2.08E-03
2000040,20020328,-2.95E-04
2000040,20020430,4.39E-03
2000040,20020531,1.81E-03
2000040,20020628,2.59E-03
2000040,20020731,2.55E-03
2000040,20020830,1.17E-03
2000040,20020930,2.82E-03
2000040,20021031,1.65E-03
2000040,20021129,9.68E-04
2000040,20021231,1.89E-03
2000040,20030131,8.56E-04
2000040,20030228,1.13E-03
2000040,20030331,1.52E-03
2000040,20030430,8.58E-04
2000040,20030530,8.22E-04
2000040,20030630,1.90E-03
2000040,20030731,3.01E-04
2000040,20030829,4.03E-04
2000040,20030930,2.12E-03
2000040,20031031,2.88E-04
2000040,20031128,4.40E-04
2000040,20031231,2.06E-03
2000040,20040130,9.38E-04
2000040,20040227,1.08E-03
2000040,20040331,1.33E-03
2000040,20040430,-3.35E-04
2000040,20040528,2.02E-04
2000040,20040630,9.25E-04
2000040,20040730,1.21E-03
2000040,20040831,2.18E-03
2000040,20040930,4.67E-04
2000040,20041029,1.15E-03
2000040,20041130,2.91E-04
2000040,20041231,1.62E-03
2000040,20050131,1.40E-03
2000040,20050228,1.07E-03
2000040,20050331,2.12E-03
2000040,20050429,2.55E-03
2000040,20050531,3.08E-03
2000040,20050630,1.97E-03
2000040,20050729,1.07E-03
2000040,20050831,3.69E-03
2000040,20050930,1.71E-03
2000040,20051031,2.14E-03
2000040,20051130,3.22E-03
2000040,20051230,3.41E-03
2000040,20060131,2.96E-03
2000040,20060228,2.79E-03
2000040,20060331,3.50E-03
2000040,20060428,3.28E-03
2000040,20060531,3.53E-03
2000040,20060630,3.33E-03
2000040,20060731,4.97E-03
2000040,20060831,4.62E-03
2000040,20060929,4.34E-03
2000040,20061031,4.05E-03
2000040,20061130,4.23E-03
2000040,20061229,3.65E-03
2000040,20070131,4.23E-03
2000040,20070228,4.24E-03
2000040,20070330,4.12E-03
2000040,20070430,4.14E-03
2000040,20070531,3.95E-03
2000040,20070629,4.16E-03
2000040,20070731,4.69E-03
2000040,20070831,6.54E-03
2000040,20070928,4.71E-03
2000040,20071031,3.62E-03
2000040,20071130,8.23E-03
2000040,20071231,1.89E-03
2000040,20080131,8.94E-03
2000040,20080229,3.46E-03
2000040,20080331,3.17E-03
2000040,20080430,-2.06E-04
2000040,20080530,-3.05E-04
2000040,20080630,1.35E-03
2000040,20080731,2.68E-03
2000040,20080829,1.55E-03
2000040,20080930,4.22E-03
2000040,20081031,3.53E-03
2000040,20081128,3.47E-03
2000040,20081231,2.87E-03
2000040,20090130,-5.12E-04
2000040,20090227,-3.41E-04
2000040,20090331,1.35E-03
2000040,20090430,1.10E-03
2000040,20090529,1.71E-04
2000040,20090630,5.14E-04
2000040,20090731,5.24E-04
2000040,20090831,8.29E-04
2000040,20090930,5.25E-04
2000040,20091030,2.84E-04
2000040,20091130,8.07E-04
2000040,20091231,-5.68E-04
2000040,20100129,9.02E-04
2000040,20100226,1.05E-04
2000040,20100331,9.34E-05
2000040,20100430,1.67E-04
2000040,20100528,4.13E-04
2000040,20100630,7.54E-04
2000040,20100730,2.53E-04
2000040,20100831,4.96E-04
2000040,20100930,3.02E-04
2000040,20101029,1.79E-04
2000040,20101130,8.08E-05
2000040,20101231,2.45E-04
2000040,20110131,5.42E-04
2000040,20110228,3.13E-04
2000040,20110331,2.03E-04
2000040,20110429,5.35E-04
2000040,20110531,4.58E-04
2000040,20110630,2.22E-04
2000040,20110729,-3.47E-04
2000040,20110831,1.19E-03
2000040,20110930,-2.56E-04
2000040,20111031,3.72E-04
2000040,20111130,1.87E-04
2000040,20111230,2.68E-05
2000040,20120131,2.23E-04
2000040,20120229,-1.16E-04
2000040,20120330,-5.81E-05
2000040,20120430,3.50E-04
2000040,20120531,2.08E-04
2000040,20120629,-3.78E-05
2000040,20120731,4.73E-04
2000040,20120831,3.21E-05
2000040,20120928,1.93E-04
2000040,20121031,1.55E-04
2000040,20121130,2.10E-04
2000040,20121231,3.18E-04
2000040,20130131,2.40E-04
2000040,20130228,9.58E-05
2000040,20130328,1.23E-04
2000040,20130430,3.98E-04
2000040,20130531,-5.57E-06
2000040,20130628,3.06E-05
2000040,20130731,4.39E-04
2000040,20130830,1.60E-05
2000040,20130930,3.57E-04
2000040,20131031,-4.38E-05
2000040,20131129,-8.42E-05
2000040,20131231,2.88E-04
2000040,20140131,1.65E-04
2000040,20140228,1.17E-04
2000040,20140331,2.86E-04
2000040,20140430,2.21E-04
2000040,20140530,-1.88E-05
2000040,20140630,1.33E-04
2000040,20140731,1.48E-04
2000040,20140829,5.92E-05
2000040,20140930,2.89E-04
2000040,20141031,-4.42E-05
2000040,20141128,-1.96E-06
2000040,20141231,-1.18E-04
2000040,20150130,4.65E-04
2000040,20150227,3.76E-05
2000040,20150331,1.63E-04
2000040,20150430,4.26E-04
2000040,20150529,5.49E-05
2000040,20150630,2.82E-04
2000040,20150731,-4.53E-06
2000040,20150831,1.44E-05
2000040,20150930,8.45E-04
2000040,20151030,-2.91E-04
2000040,20151130,-4.46E-04
2000040,20151231,-3.62E-06
2000040,20160129,1.11E-03
2000040,20160229,5.31E-04
2000040,20160331,9.65E-04
2000040,20160429,5.64E-04
2000040,20160531,-9.37E-05
2000040,20160630,1.50E-03
2000040,20160729,1.11E-04
2000040,20160831,2.18E-04
2000040,20160930,5.68E-04
2000040,20161031,5.27E-04
2000040,20161130,-6.30E-05
2000040,20161230,4.78E-04
2000040,20170131,1.00E-03
2000040,20170228,3.51E-04
2000040,20170331,2.29E-05
2000040,20170428,5.45E-04
2000040,20170531,5.33E-04
2000040,20170630,6.14E-04
2000040,20170731,1.24E-03
2000040,20170831,1.06E-03
2000040,20170929,6.61E-04
2000040,20171031,7.29E-04
2000040,20171130,4.52E-04
2000040,20171229,7.41E-04
2000040,20180131,1.13E-03
2000040,20180228,6.31E-04
2000040,20180329,1.37E-03
2000040,20180430,1.30E-03
2000040,20180531,1.75E-03
2000040,20180629,1.60E-03
2000040,20180731,1.62E-03
2000040,20180831,1.97E-03
2000040,20180928,1.24E-03
2000040,20181031,1.94E-03
2000040,20181130,2.09E-03
2000040,20181231,2.44E-03
2000040,20190131,2.44E-03
2000040,20190228,1.92E-03
2000040,20190329,2.59E-03
2000040,20190430,2.08E-03
2000040,20190531,2.62E-03
2000040,20190628,2.90E-03
2000040,20190731,1.56E-03
2000040,20190830,2.66E-03
2000040,20190930,1.59E-03
2000040,20191031,2.76E-03
2000040,20191129,9.45E-04
2000040,20191231,1.70E-03
2000041,20000131,8.52E-04
2000041,20000229,6.25E-03
2000041,20000331,5.71E-03
2000041,20000428,2.50E-03
2000041,20000531,4.87E-03
2000041,20000630,9.22E-03
2000041,20000731,6.05E-03
2000041,20000831,6.93E-03
2000041,20000929,6.49E-03
2000041,20001031,5.27E-03
2000041,20001130,8.32E-03
2000041,20001229,1.12E-02
2000041,20010131,1.29E-02
2000041,20010228,5.96E-03
2000041,20010330,7.43E-03
2000041,20010430,3.61E-03
2000041,20010531,6.01E-03
2000041,20010629,2.63E-03
2000041,20010731,1.03E-02
2000041,20010831,5.91E-03
2000041,20010928,1.44E-02
2000041,20011031,9.87E-03
2000041,20011130,-1.85E-03
2000041,20011231,1.90E-03
2000041,20020131,1.36E-03
2000041,20020228,4.30E-03
2000041,20020328,-5.61E-03
2000041,20020430,1.06E-02
2000041,20020531,3.43E-03
2000041,20020628,7.53E-03
2000041,20020731,1.05E-02
2000041,20020830,2.81E-03
2000041,20020930,7.01E-03
2000041,20021031,2.29E-03
2000041,20021129,-3.11E-03
2000041,20021231,8.85E-03
2000041,20030131,1.44E-04
2000041,20030228,3.56E-03
2000041,20030331,1.92E-03
2000041,20030430,1.66E-03
2000041,20030530,2.62E-03
2000041,20030630,2.26E-03
2000041,20030731,-3.20E-03
2000041,20030829,-4.11E-04
2000041,20030930,8.11E-03
2000041,20031031,-2.90E-03
2000041,20031128,-1.08E-03
2000041,20031231,5.63E-03
2000041,20040130,1.84E-03
2000041,20040227,4.09E-03
2000041,20040331,2.24E-03
2000041,20040430,-7.19E-03
2000041,20040528,-9.41E-04
2000041,20040630,5.84E-04
2000041,20040730,2.48E-03
2000041,20040831,6.43E-03
2000041,20040930,-1.18E-03
2000041,20041029,2.67E-03
2000041,20041130,-4.19E-03
2000041,20041231,1.60E-03
2000041,20050131,-1.01E-04
2000041,20050228,-1.88E-03
2000041,20050331,1.15E-03
2000041,20050429,4.24E-03
2000041,20050531,3.97E-03
2000041,20050630,1.89E-03
2000041,20050729,-2.35E-03
2000041,20050831,6.11E-03
2000041,20050930,-1.84E-03
2000041,20051031,3.23E-04
2000041,20051130,3.12E-03
2000041,20051230,3.68E-03
2000041,20060131,1.81E-03
2000041,20060228,1.14E-03
2000041,20060331,1.87E-03
2000041,20060428,3.13E-03
2000041,20060531,1.41E-03
2000041,20060630,2.44E-03
2000041,20060731,6.69E-03
2000041,20060831,6.37E-03
2000041,20060929,4.78E-03
2000041,20061031,3.88E-03
2000041,20061130,4.79E-03
2000041,20061229,5.90E-04
2000041,20070131,2.99E-03
2000041,20070228,7.06E-03
2000041,20070330,3.76E-03
2000041,20070430,3.57E-03
2000041,20070531,-1.65E-04
2000041,20070629,4.57E-03
2000041,20070731,8.28E-03
2000041,20070831,9.09E-03
2000041,20070928,6.35E-03
2000041,20071031,3.75E-03
2000041,20071130,1.64E-02
2000041,20071231,2.16E-03
2000041,20080131,1.68E-02
2000041,20080229,8.72E-03
2000041,20080331,2.30E-03
2000041,20080430,-7.20E-03
2000041,20080530,-2.92E-03
2000041,20080630,3.27E-03
2000041,20080731,3.96E-03
2000041,20080829,3.64E-03
2000041,20080930,7.42E-03
2000041,20081031,7.47E-03
2000041,20081128,1.06E-02
2000041,20081231,5.25E-03
2000041,20090130,-2.30E-03
2000041,20090227,-5.20E-04
2000041,20090331,2.93E-03
2000041,20090430,-1.58E-04
2000041,20090529,1.26E-03
2000041,20090630,-3.09E-04
2000041,20090731,6.27E-04
2000041,20090831,3.95E-03
2000041,20090930,1.59E-03
2000041,20091030,1.97E-03
2000041,20091130,3.26E-03
2000041,20091231,-5.22E-03
2000041,20100129,6.40E-03
2000041,20100226,8.98E-04
2000041,20100331,-1.33E-03
2000041,20100430,1.67E-03
2000041,20100528,2.59E-03
2000041,20100630,2.85E-03
2000041,20100730,1.34E-03
2000041,20100831,1.45E-03
2000041,20100930,1.17E-03
2000041,20101029,1.31E-03
2000041,20101130,-1.07E-03
2000041,20101231,-4.38E-04
2000041,20110131,1.04E-03
2000041,20110228,-1.28E-04
2000041,20110331,-9.63E-04
2000041,20110429,3.70E-03
2000041,20110531,2.04E-03
2000041,20110630,2.45E-04
2000041,20110729,1.00E-03
2000041,20110831,2.39E-03
2000041,20110930,-6.69E-04
2000041,20111031,7.37E-04
2000041,20111130,1.79E-04
2000041,20111230,2.56E-04
2000041,20120131,7.44E-04
2000041,20120229,-9.13E-04
2000041,20120330,-3.42E-04
2000041,20120430,1.25E-03
2000041,20120531,1.47E-04
2000041,20120629,-4.21E-04
2000041,20120731,1.71E-03
2000041,20120831,-4.13E-06
2000041,20120928,1.07E-04
2000041,20121031,-2.02E-04
2000041,20121130,5.14E-04
2000041,20121231,4.93E-04
2000041,20130131,2.96E-04
2000041,20130228,5.06E-04
2000041,20130328,6.86E-05
2000041,20130430,8.51E-04
2000041,20130531,-4.69E-04
2000041,20130628,-2.55E-04
2000041,20130731,1.16E-03
2000041,20130830,-5.65E-04
2000041,20130930,1.60E-03
2000041,20131031,3.78E-04
2000041,20131129,3.93E-04
2000041,20131231,-1.04E-04
2000041,20140131,9.74E-04
2000041,20140228,5.64E-04
2000041,20140331,-9.65E-05
2000041,20140430,7.83E-04
2000041,20140530,8.14E-04
2000041,20140630,-1.66E-04
2000041,20140731,-1.68E-05
2000041,20140829,6.74E-04
2000041,20140930,2.87E-04
2000041,20141031,1.26E-03
2000041,20141128,1.19E-03
2000041,20141231,-2.07E-03
2000041,20150130,3.28E-03
2000041,20150227,-1.44E-03
2000041,20150331,1.21E-03
2000041,20150430,6.10E-04
2000041,20150529,3.66E-04
2000041,20150630,3.80E-04
2000041,20150731,4.19E-04
2000041,20150831,-4.13E-04
2000041,20150930,2.23E-03
2000041,20151030,-7.66E-04
2000041,20151130,-2.15E-03
2000041,20151231,-7.98E-04
2000041,20160129,4.06E-03
2000041,20160229,7.48E-04
2000041,20160331,1.49E-03
2000041,20160429,4.48E-04
2000041,20160531,-7.04E-04
2000041,20160630,4.68E-03
2000041,20160729,-5.78E-04
2000041,20160831,-1.36E-03
2000041,20160930,1.21E-03
2000041,20161031,-4.22E-05
2000041,20161130,-2.53E-03
2000041,20161230,5.00E-04
2000041,20170131,1.55E-03
2000041,20170228,1.99E-04
2000041,20170331,4.46E-04
2000041,20170428,7.01E-04
2000041,20170531,8.07E-04
2000041,20170630,-3.71E-04
2000041,20170731,1.69E-03
2000041,20170831,1.47E-03
2000041,20170929,-8.72E-04
2000041,20171031,-2.59E-04
2000041,20171130,-1.46E-03
2000041,20171229,-5.18E-05
2000041,20180131,-1.09E-03
2000041,20180228,-8.13E-05
2000041,20180329,1.48E-03
2000041,20180430,-7.37E-04
2000041,20180531,2.90E-03
2000041,20180629,6.16E-04
2000041,20180731,5.71E-04
2000041,20180831,2.86E-03
2000041,20180928,-5.59E-04
2000041,20181031,1.69E-03
2000041,20181130,3.10E-03
2000041,20181231,5.69E-03
2000041,20190131,2.62E-03
2000041,20190228,1.17E-03
2000041,20190329,5.02E-03
2000041,20190430,2.04E-03
2000041,20190531,5.76E-03
2000041,20190628,4.17E-03
2000041,20190731,1.42E-05
2000041,20190830,5.83E-03
2000041,20190930,-2.62E-04
2000041,20191031,3.37E-03
2000041,20191129,-1.40E-04
2000041,20191231,2.41E-03
2000042,20000131,-2.86E-03
2000042,20000229,7.10E-03
2000042,20000331,8.00E-03
2000042,20000428,9.56E-04
2000042,20000531,4.71E-03
2000042,20000630,1.20E-02
2000042,20000731,6.45E-03
2000042,20000831,9.57E-03
2000042,20000929,8.46E-03
2000042,20001031,5.93E-03
2000042,20001130,1.13E-02
2000042,20001229,1.46E-02
2000042,20010131,1.42E-02
2000042,20010228,7.76E-03
2000042,20010330,8.07E-03
2000042,20010430,1.02E-03
2000042,20010531,5.41E-03
2000042,20010629,3.05E-03
2000042,20010731,1.47E-02
2000042,20010831,8.37E-03
2000042,20010928,2.08E-02
2000042,20011031,1.37E-02
2000042,20011130,-8.69E-03
2000042,20011231,-2.76E-03
2000042,20020131,3.85E-03
2000042,20020228,6.97E-03
2000042,20020328,-1.16E-02
2000042,20020430,1.49E-02
2000042,20020531,6.46E-03
2000042,20020628,1.05E-02
2000042,20020731,1.76E-02
2000042,20020830,8.51E-03
2000042,20020930,1.29E-02
2000042,20021031,1.55E-03
2000042,20021129,-8.34E-03
2000042,20021231,1.52E-02
2000042,20030131,8.75E-05
2000042,20030228,7.79E-03
2000042,20030331,2.29E-03
2000042,20030430,2.10E-03
2000042,20030530,9.03E-03
2000042,20030630,1.42E-03
2000042,20030731,-1.06E-02
2000042,20030829,-3.01E-03
2000042,20030930,1.61E-02
2000042,20031031,-6.83E-03
2000042,20031128,-2.09E-03
2000042,20031231,8.13E-03
2000042,20040130,3.32E-03
2000042,20040227,6.86E-03
2000042,20040331,5.39E-03
2000042,20040430,-1.63E-02
2000042,20040528,-2.33E-03
2000042,20040630,1.46E-03
2000042,20040730,4.23E-03
2000042,20040831,1.18E-02
2000042,20040930,-1.74E-03
2000042,20041029,4.23E-03
2000042,20041130,-7.93E-03
2000042,20041231,2.53E-03
2000042,20050131,-1.03E-03
2000042,20050228,-5.09E-03
2000042,20050331,-6.14E-04
2000042,20050429,7.23E-03
2000042,20050531,5.81E-03
2000042,20050630,2.22E-03
2000042,20050729,-6.21E-03
2000042,20050831,9.02E-03
2000042,20050930,-5.29E-03
2000042,20051031,-2.05E-03
2000042,20051130,4.04E-03
2000042,20051230,3.90E-03
2000042,20060131,1.14E-03
2000042,20060228,-5.65E-04
2000042,20060331,7.98E-05
2000042,20060428,2.63E-03
2000042,20060531,4.13E-04
2000042,20060630,1.64E-03
2000042,20060731,8.93E-03
2000042,20060831,8.97E-03
2000042,20060929,5.69E-03
2000042,20061031,4.00E-03
2000042,20061130,5.87E-03
2000042,20061229,-1.68E-03
2000042,20070131,1.42E-03
2000042,20070228,9.76E-03
2000042,20070330,4.31E-03
2000042,20070430,4.15E-03
2000042,20070531,-4.12E-03
2000042,20070629,3.92E-03
2000042,20070731,1.25E-02
2000042,20070831,1.14E-02
2000042,20070928,7.05E-03
2000042,20071031,5.56E-03
2000042,20071130,2.47E-02
2000042,20071231,2.26E-03
2000042,20080131,2.36E-02
2000042,20080229,1.18E-02
2000042,20080331,4.56E-03
2000042,20080430,-1.43E-02
2000042,20080530,-8.49E-03
2000042,20080630,3.62E-03
2000042,20080731,5.27E-03
2000042,20080829,6.94E-03
2000042,20080930,1.29E-02
2000042,20081031,1.42E-02
2000042,20081128,1.55E-02
2000042,20081231,6.57E-03
2000042,20090130,-5.94E-03
2000042,20090227,8.23E-04
2000042,20090331,7.47E-03
2000042,20090430,-3.94E-03
2000042,20090529,1.96E-03
2000042,20090630,-2.80E-03
2000042,20090731,2.15E-03
2000042,20090831,4.79E-03
2000042,20090930,3.47E-03
2000042,20091030,2.60E-03
2000042,20091130,8.55E-03
2000042,20091231,-1.10E-02
2000042,20100129,9.93E-03
2000042,20100226,2.30E-03
2000042,20100331,-3.10E-03
2000042,20100430,4.07E-03
2000042,20100528,7.18E-03
2000042,20100630,7.52E-03
2000042,20100730,3.83E-03
2000042,20100831,3.20E-03
2000042,20100930,2.26E-03
2000042,20101029,3.87E-03
2000042,20101130,-3.40E-03
2000042,20101231,-4.29E-03
2000042,20110131,2.37E-03
2000042,20110228,-2.44E-03
2000042,20110331,-2.08E-03
2000042,20110429,8.32E-03
2000042,20110531,5.67E-03
2000042,20110630,6.18E-04
2000042,20110729,6.10E-03
2000042,20110831,5.12E-03
2000042,20110930,-1.94E-03
2000042,20111031,1.67E-03
2000042,20111130,-1.67E-04
2000042,20111230,1.03E-03
2000042,20120131,2.02E-03
2000042,20120229,-2.47E-03
2000042,20120330,-1.29E-03
2000042,20120430,3.41E-03
2000042,20120531,8.74E-04
2000042,20120629,-7.52E-04
2000042,20120731,3.50E-03
2000042,20120831,-4.23E-05
2000042,20120928,-1.72E-04
2000042,20121031,-1.00E-03
2000042,20121130,1.40E-03
2000042,20121231,1.56E-04
2000042,20130131,-1.63E-04
2000042,20130228,1.70E-03
2000042,20130328,1.06E-04
2000042,20130430,1.58E-03
2000042,20130531,-2.88E-03
2000042,20130628,-2.35E-03
2000042,20130731,2.67E-03
2000042,20130830,-2.65E-03
2000042,20130930,4.79E-03
2000042,20131031,1.66E-03
2000042,20131129,1.53E-03
2000042,20131231,-2.90E-03
2000042,20140131,2.96E-03
2000042,20140228,1.25E-03
2000042,20140331,-2.41E-03
2000042,20140430,1.81E-03
2000042,20140530,2.91E-03
2000042,20140630,-6.03E-04
2000042,20140731,-1.30E-03
2000042,20140829,2.35E-03
2000042,20140930,-8.04E-04
2000042,20141031,4.19E-03
2000042,20141128,2.62E-03
2000042,20141231,-3.44E-03
2000042,20150130,8.39E-03
2000042,20150227,-4.42E-03
2000042,20150331,4.11E-03
2000042,20150430,5.62E-04
2000042,20150529,6.35E-04
2000042,20150630,2.74E-05
2000042,20150731,1.76E-03
2000042,20150831,-1.22E-03
2000042,20150930,5.02E-03
2000042,20151030,-1.76E-03
2000042,20151130,-3.11E-03
2000042,20151231,-9.51E-04
2000042,20160129,8.55E-03
2000042,20160229,2.73E-03
2000042,20160331,1.87E-03
2000042,20160429,-8.06E-04
2000042,20160531,-1.21E-03
2000042,20160630,8.61E-03
2000042,20160729,-6.92E-04
2000042,20160831,-3.26E-03
2000042,20160930,1.81E-03
2000042,20161031,-1.35E-03
2000042,20161130,-6.77E-03
2000042,20161230,2.87E-04
2000042,20170131,7.56E-04
2000042,20170228,4.44E-04
2000042,20170331,2.18E-03
2000042,20170428,2.25E-03
2000042,20170531,1.67E-03
2000042,20170630,-1.19E-03
2000042,20170731,2.58E-03
2000042,20170831,2.86E-03
2000042,20170929,-3.27E-03
2000042,20171031,-9.52E-04
2000042,20171130,-2.42E-03
2000042,20171229,-1.59E-04
2000042,20180131,-5.16E-03
2000042,20180228,-8.96E-04
2000042,20180329,2.28E-03
2000042,20180430,-3.24E-03
2000042,20180531,4.24E-03
2000042,20180629,1.87E-04
2000042,20180731,-9.93E-04
2000042,20180831,4.16E-03
2000042,20180928,-2.46E-03
2000042,20181031,1.69E-03
2000042,20181130,5.07E-03
2000042,20181231,9.99E-03
2000042,20190131,2.58E-03
2000042,20190228,4.05E-04
2000042,20190329,8.23E-03
2000042,20190430,1.73E-03
2000042,20190531,1.02E-02
2000042,20190628,5.08E-03
2000042,20190731,-9.98E-04
2000042,20190830,1.05E-02
2000042,20190930,-2.13E-03
2000042,20191031,3.07E-03
2000042,20191129,-1.07E-03
2000042,20191231,1.76E-03
2000043,20000131,-3.30E-03
2000043,20000229,7.23E-03
2000043,20000331,1.17E-02
2000043,20000428,-5.32E-04
2000043,20000531,4.79E-03
2000043,20000630,1.46E-02
2000043,20000731,5.74E-03
2000043,20000831,1.17E-02
2000043,20000929,9.38E-03
2000043,20001031,6.19E-03
2000043,20001130,1.39E-02
2000043,20001229,1.76E-02
2000043,20010131,1.47E-02
2000043,20010228,8.57E-03
2000043,20010330,8.13E-03
2000043,20010430,-2.48E-03
2000043,20010531,4.98E-03
2000043,20010629,2.59E-03
2000043,20010731,1.78E-02
2000043,20010831,9.48E-03
2000043,20010928,2.24E-02
2000043,20011031,1.77E-02
2000043,20011130,-1.35E-02
2000043,20011231,-5.33E-03
2000043,20020131,4.18E-03
2000043,20020228,9.30E-03
2000043,20020328,-1.67E-02
2000043,20020430,1.87E-02
2000043,20020531,9.51E-03
2000043,20020628,1.27E-02
2000043,20020731,2.33E-02
2000043,20020830,1.23E-02
2000043,20020930,1.98E-02
2000043,20021031,-6.86E-04
2000043,20021129,-1.29E-02
2000043,20021231,2.16E-02
2000043,20030131,-2.86E-03
2000043,20030228,1.27E-02
2000043,20030331,1.11E-03
2000043,20030430,2.74E-03
2000043,20030530,1.69E-02
2000043,20030630,-3.04E-04
2000043,20030731,-1.99E-02
2000043,20030829,-3.41E-03
2000043,20030930,2.36E-02
2000043,20031031,-1.05E-02
2000043,20031128,-2.04E-03
2000043,20031231,9.67E-03
2000043,20040130,4.48E-03
2000043,20040227,1.00E-02
2000043,20040331,8.16E-03
2000043,20040430,-2.44E-02
2000043,20040528,-3.71E-03
2000043,20040630,3.45E-03
2000043,20040730,5.30E-03
2000043,20040831,1.65E-02
2000043,20040930,-9.71E-04
2000043,20041029,5.78E-03
2000043,20041130,-1.11E-02
2000043,20041231,4.45E-03
2000043,20050131,-1.09E-03
2000043,20050228,-8.31E-03
2000043,20050331,-1.98E-03
2000043,20050429,1.11E-02
2000043,20050531,7.82E-03
2000043,20050630,3.04E-03
2000043,20050729,-1.08E-02
2000043,20050831,1.23E-02
2000043,20050930,-8.25E-03
2000043,20051031,-4.38E-03
2000043,20051130,4.80E-03
2000043,20051230,4.74E-03
2000043,20060131,-5.42E-05
2000043,20060228,-1.56E-03
2000043,20060331,-1.63E-03
2000043,20060428,1.69E-03
2000043,20060531,1.08E-04
2000043,20060630,1.40E-03
2000043,20060731,1.05E-02
2000043,20060831,1.09E-02
2000043,20060929,7.00E-03
2000043,20061031,4.27E-03
2000043,20061130,7.33E-03
2000043,20061229,-3.99E-03
2000043,20070131,6.41E-04
2000043,20070228,1.25E-02
2000043,20070330,3.73E-03
2000043,20070430,4.84E-03
2000043,20070531,-7.29E-03
2000043,20070629,2.57E-03
2000043,20070731,1.59E-02
2000043,20070831,1.38E-02
2000043,20070928,6.84E-03
2000043,20071031,6.44E-03
2000043,20071130,3.15E-02
2000043,20071231,1.57E-03
2000043,20080131,2.97E-02
2000043,20080229,1.44E-02
2000043,20080331,4.49E-03
2000043,20080430,-1.82E-02
2000043,20080530,-1.28E-02
2000043,20080630,5.62E-03
2000043,20080731,7.39E-03
2000043,20080829,7.98E-03
2000043,20080930,1.10E-02
2000043,20081031,2.04E-02
2000043,20081128,2.78E-02
2000043,20081231,4.59E-03
2000043,20090130,-9.50E-03
2000043,20090227,-1.46E-03
2000043,20090331,1.10E-02
2000043,20090430,-7.34E-03
2000043,20090529,-2.13E-04
2000043,20090630,-6.01E-03
2000043,20090731,4.39E-03
2000043,20090831,7.37E-03
2000043,20090930,4.53E-03
2000043,20091030,2.58E-03
2000043,20091130,1.34E-02
2000043,20091231,-1.69E-02
2000043,20100129,1.38E-02
2000043,20100226,2.70E-03
2000043,20100331,-5.47E-03
2000043,20100430,6.00E-03
2000043,20100528,9.66E-03
2000043,20100630,1.37E-02
2000043,20100730,9.15E-03
2000043,20100831,6.62E-03
2000043,20100930,3.33E-03
2000043,20101029,5.97E-03
2000043,20101130,-6.23E-03
2000043,20101231,-1.03E-02
2000043,20110131,5.30E-03
2000043,20110228,-4.93E-03
2000043,20110331,-2.71E-03
2000043,20110429,1.23E-02
2000043,20110531,1.08E-02
2000043,20110630,2.15E-04
2000043,20110729,1.30E-02
2000043,20110831,9.81E-03
2000043,20110930,-9.72E-04
2000043,20111031,1.71E-03
2000043,20111130,7.26E-04
2000043,20111230,2.61E-03
2000043,20120131,4.64E-03
2000043,20120229,-4.35E-03
2000043,20120330,-3.29E-03
2000043,20120430,6.58E-03
2000043,20120531,2.72E-03
2000043,20120629,-1.23E-03
2000043,20120731,5.96E-03
2000043,20120831,4.67E-04
2000043,20120928,-3.12E-04
2000043,20121031,-1.85E-03
2000043,20121130,3.10E-03
2000043,20121231,-1.13E-03
2000043,20130131,-1.42E-03
2000043,20130228,3.53E-03
2000043,20130328,5.34E-04
2000043,20130430,2.92E-03
2000043,20130531,-6.97E-03
2000043,20130628,-6.89E-03
2000043,20130731,3.83E-03
2000043,20130830,-5.77E-03
2000043,20130930,8.78E-03
2000043,20131031,3.25E-03
2000043,20131129,2.20E-03
2000043,20131231,-7.04E-03
2000043,20140131,6.60E-03
2000043,20140228,1.89E-03
2000043,20140331,-5.08E-03
2000043,20140430,3.39E-03
2000043,20140530,5.31E-03
2000043,20140630,-1.17E-03
2000043,20140731,-3.35E-03
2000043,20140829,4.96E-03
2000043,20140930,-1.99E-03
2000043,20141031,6.64E-03
2000043,20141128,5.44E-03
2000043,20141231,-5.21E-03
2000043,20150130,1.52E-02
2000043,20150227,-8.21E-03
2000043,20150331,6.18E-03
2000043,20150430,8.56E-04
2000043,20150529,4.15E-04
2000043,20150630,-1.36E-03
2000043,20150731,3.74E-03
2000043,20150831,-7.76E-04
2000043,20150930,7.99E-03
2000043,20151030,-3.17E-03
2000043,20151130,-3.40E-03
2000043,20151231,-1.76E-03
2000043,20160129,1.44E-02
2000043,20160229,4.07E-03
2000043,20160331,3.21E-03
2000043,20160429,-1.32E-03
2000043,20160531,-1.47E-03
2000043,20160630,1.30E-02
2000043,20160729,-4.86E-04
2000043,20160831,-4.96E-03
2000043,20160930,2.74E-03
2000043,20161031,-2.48E-03
2000043,20161130,-1.36E-02
2000043,20161230,5.54E-04
2000043,20170131,1.86E-03
2000043,20170228,3.53E-04
2000043,20170331,2.71E-03
2000043,20170428,4.32E-03
2000043,20170531,3.10E-03
2000043,20170630,-1.71E-03
2000043,20170731,3.18E-03
2000043,20170831,5.07E-03
2000043,20170929,-5.15E-03
2000043,20171031,-1.17E-03
2000043,20171130,-3.31E-03
2000043,20171229,-6.33E-04
2000043,20180131,-7.88E-03
2000043,20180228,-2.04E-03
2000043,20180329,3.82E-03
2000043,20180430,-5.63E-03
2000043,20180531,5.28E-03
2000043,20180629,5.03E-04
2000043,20180731,-1.60E-03
2000043,20180831,5.12E-03
2000043,20180928,-4.15E-03
2000043,20181031,1.50E-03
2000043,20181130,6.88E-03
2000043,20181231,1.36E-02
2000043,20190131,3.54E-03
2000043,20190228,-4.26E-04
2000043,20190329,1.13E-02
2000043,20190430,1.15E-03
2000043,20190531,1.38E-02
2000043,20190628,6.70E-03
2000043,20190731,-1.48E-03
2000043,20190830,1.51E-02
2000043,20190930,-3.63E-03
2000043,20191031,2.90E-03
2000043,20191129,-2.10E-03
2000043,20191231,8.05E-04
2000044,20000131,-5.18E-03
2000044,20000229,8.29E-03
2000044,20000331,1.57E-02
2000044,20000428,-2.63E-03
2000044,20000531,5.03E-03
2000044,20000630,1.73E-02
2000044,20000731,6.34E-03
2000044,20000831,1.27E-02
2000044,20000929,9.50E-03
2000044,20001031,6.97E-03
2000044,20001130,1.59E-02
2000044,20001229,2.13E-02
2000044,20010131,1.29E-02
2000044,20010228,9.56E-03
2000044,20010330,8.46E-03
2000044,20010430,-6.70E-03
2000044,20010531,3.00E-03
2000044,20010629,2.29E-03
2000044,20010731,2.16E-02
2000044,20010831,1.06E-02
2000044,20010928,2.47E-02
2000044,20011031,1.85E-02
2000044,20011130,-1.68E-02
2000044,20011231,-7.76E-03
2000044,20020131,3.45E-03
2000044,20020228,1.10E-02
2000044,20020328,-2.11E-02
2000044,20020430,2.15E-02
2000044,20020531,1.07E-02
2000044,20020628,1.56E-02
2000044,20020731,2.73E-02
2000044,20020830,1.56E-02
2000044,20020930,2.80E-02
2000044,20021031,-3.43E-03
2000044,20021129,-1.74E-02
2000044,20021231,2.65E-02
2000044,20030131,-5.25E-03
2000044,20030228,1.60E-02
2000044,20030331,1.96E-04
2000044,20030430,1.81E-03
2000044,20030530,2.41E-02
2000044,20030630,-2.46E-03
2000044,20030731,-2.86E-02
2000044,20030829,-4.18E-03
2000044,20030930,3.14E-02
2000044,20031031,-1.38E-02
2000044,20031128,-1.38E-03
2000044,20031231,1.03E-02
2000044,20040130,6.54E-03
2000044,20040227,1.22E-02
2000044,20040331,1.03E-02
2000044,20040430,-3.18E-02
2000044,20040528,-4.43E-03
2000044,20040630,6.02E-03
2000044,20040730,6.76E-03
2000044,20040831,1.98E-02
2000044,20040930,2.68E-04
2000044,20041029,6.69E-03
2000044,20041130,-1.35E-02
2000044,20041231,6.45E-03
2000044,20050131,-3.93E-04
2000044,20050228,-1.03E-02
2000044,20050331,-2.51E-03
2000044,20050429,1.43E-02
2000044,20050531,9.39E-03
2000044,20050630,3.61E-03
2000044,20050729,-1.40E-02
2000044,20050831,1.51E-02
2000044,20050930,-1.13E-02
2000044,20051031,-6.51E-03
2000044,20051130,5.43E-03
2000044,20051230,5.93E-03
2000044,20060131,-1.58E-03
2000044,20060228,-1.89E-03
2000044,20060331,-4.19E-03
2000044,20060428,4.29E-04
2000044,20060531,-5.35E-04
2000044,20060630,1.60E-03
2000044,20060731,1.19E-02
2000044,20060831,1.26E-02
2000044,20060929,7.81E-03
2000044,20061031,4.75E-03
2000044,20061130,8.52E-03
2000044,20061229,-6.20E-03
2000044,20070131,-3.19E-04
2000044,20070228,1.47E-02
2000044,20070330,3.30E-03
2000044,20070430,4.95E-03
2000044,20070531,-9.79E-03
2000044,20070629,1.40E-03
2000044,20070731,1.85E-02
2000044,20070831,1.58E-02
2000044,20070928,5.45E-03
2000044,20071031,7.27E-03
2000044,20071130,3.50E-02
2000044,20071231,1.95E-03
2000044,20080131,3.27E-02
2000044,20080229,1.53E-02
2000044,20080331,4.58E-03
2000044,20080430,-2.15E-02
2000044,20080530,-1.38E-02
2000044,20080630,7.02E-03
2000044,20080731,7.92E-03
2000044,20080829,9.45E-03
2000044,20080930,9.48E-03
2000044,20081031,1.69E-02
2000044,20081128,4.39E-02
2000044,20081231,1.71E-02
2000044,20090130,-1.33E-02
2000044,20090227,-3.99E-03
2000044,20090331,1.63E-02
2000044,20090430,-1.38E-02
2000044,20090529,-8.24E-03
2000044,20090630,-6.72E-03
2000044,20090731,5.91E-03
2000044,20090831,9.32E-03
2000044,20090930,6.40E-03
2000044,20091030,3.34E-03
2000044,20091130,1.68E-02
2000044,20091231,-2.41E-02
2000044,20100129,1.90E-02
2000044,20100226,3.61E-03
2000044,20100331,-7.60E-03
2000044,20100430,8.79E-03
2000044,20100528,1.43E-02
2000044,20100630,1.64E-02
2000044,20100730,1.12E-02
2000044,20100831,1.25E-02
2000044,20100930,4.37E-03
2000044,20101029,6.66E-03
2000044,20101130,-9.04E-03
2000044,20101231,-1.80E-02
2000044,20110131,6.69E-03
2000044,20110228,-5.49E-03
2000044,20110331,-2.69E-03
2000044,20110429,1.60E-02
2000044,20110531,1.48E-02
2000044,20110630,-3.61E-05
2000044,20110729,1.94E-02
2000044,20110831,1.69E-02
2000044,20110930,9.90E-04
2000044,20111031,2.35E-03
2000044,20111130,1.45E-03
2000044,20111230,5.05E-03
2000044,20120131,7.46E-03
2000044,20120229,-5.82E-03
2000044,20120330,-5.71E-03
2000044,20120430,1.06E-02
2000044,20120531,6.07E-03
2000044,20120629,-1.83E-03
2000044,20120731,7.43E-03
2000044,20120831,1.08E-03
2000044,20120928,-2.35E-04
2000044,20121031,-2.87E-03
2000044,20121130,5.24E-03
2000044,20121231,-2.62E-03
2000044,20130131,-4.23E-03
2000044,20130228,5.82E-03
2000044,20130328,1.11E-03
2000044,20130430,4.72E-03
2000044,20130531,-1.23E-02
2000044,20130628,-1.30E-02
2000044,20130731,3.66E-03
2000044,20130830,-8.57E-03
2000044,20130930,1.31E-02
2000044,20131031,4.34E-03
2000044,20131129,1.29E-03
2000044,20131231,-1.22E-02
2000044,20140131,1.19E-02
2000044,20140228,1.63E-03
2000044,20140331,-6.73E-03
2000044,20140430,4.29E-03
2000044,20140530,8.05E-03
2000044,20140630,-1.77E-03
2000044,20140731,-4.32E-03
2000044,20140829,7.09E-03
2000044,20140930,-3.54E-03
2000044,20141031,8.44E-03
2000044,20141128,7.67E-03
2000044,20141231,-5.64E-03
2000044,20150130,2.20E-02
2000044,20150227,-1.29E-02
2000044,20150331,7.72E-03
2000044,20150430,-3.92E-04
2000044,20150529,-4.89E-04
2000044,20150630,-4.06E-03
2000044,20150731,6.31E-03
2000044,20150831,1.24E-06
2000044,20150930,1.06E-02
2000044,20151030,-5.44E-03
2000044,20151130,-4.18E-03
2000044,20151231,-2.51E-03
2000044,20160129,1.98E-02
2000044,20160229,5.14E-03
2000044,20160331,3.23E-03
2000044,20160429,-2.26E-03
2000044,20160531,-2.27E-03
2000044,20160630,1.81E-02
2000044,20160729,-4.61E-04
2000044,20160831,-6.86E-03
2000044,20160930,3.43E-03
2000044,20161031,-5.00E-03
2000044,20161130,-2.07E-02
2000044,20161230,-3.86E-04
2000044,20170131,2.98E-03
2000044,20170228,7.24E-04
2000044,20170331,3.03E-03
2000044,20170428,6.11E-03
2000044,20170531,4.36E-03
2000044,20170630,-2.95E-03
2000044,20170731,3.76E-03
2000044,20170831,7.09E-03
2000044,20170929,-7.49E-03
2000044,20171031,-1.46E-03
2000044,20171130,-3.44E-03
2000044,20171229,-7.05E-04
2000044,20180131,-1.08E-02
2000044,20180228,-3.22E-03
2000044,20180329,5.58E-03
2000044,20180430,-7.57E-03
2000044,20180531,6.41E-03
2000044,20180629,2.31E-04
2000044,20180731,-1.98E-03
2000044,20180831,6.50E-03
2000044,20180928,-6.44E-03
2000044,20181031,1.61E-03
2000044,20181130,8.52E-03
2000044,20181231,1.62E-02
2000044,20190131,4.57E-03
2000044,20190228,-1.37E-03
2000044,20190329,1.41E-02
2000044,20190430,3.09E-04
2000044,20190531,1.70E-02
2000044,20190628,8.31E-03
2000044,20190731,-1.61E-03
2000044,20190830,1.95E-02
2000044,20190930,-5.09E-03
2000044,20191031,2.71E-03
2000044,20191129,-3.37E-03
2000044,20191231,-4.28E-04
